<?xml version="1.0" encoding="UTF-8"?>
<!DOCTYPE mapper PUBLIC "-//mybatis.org//DTD Mapper 3.0//EN" "http://mybatis.org/dtd/mybatis-3-mapper.dtd">

<mapper namespace="com.zero2oneit.mall.goods.mapper.CouponRuleMapper">

    <select id="selectTotal" resultType="java.lang.Integer">
        select count(1) from coupon_rule
        <include refid="common_where_if"/>
    </select>

    <select id="selectAll" resultType="java.util.Map">
        SELECT id, coupon_name couponName, coupon_type couponType, face_value faceValue, face_value_demand faceValueDemand,
        start_time startTime, end_time endTime, receive_type receiveType, rule_status ruleStatus, rule_order ruleOrder,
        operator_name operatorName, operator_time operatorTime
        FROM coupon_rule
        <include refid="common_where_if"/>
        LIMIT #{starIndex},#{pageSize}
    </select>

    <sql id="common_where_if">
        <where>
            <if test="couponName != null and couponName !=''">
                coupon_name  like CONCAT('%', #{couponName}, '%')
            </if>
        </where>
    </sql>

</mapper>